,Country,Poverty Headcount Ratio % Pop,Population Growth %annual,Total Population,Total Reserves,Gross Debt Position %GDP,Export Goods Services %GDP,Import Goods Services %GDP,Energy Intensity Level of Primary Energy mj per $,"Current account balance (BoP, current US$)",GDP (current US$),GDP growth (annual %),CO2 emissions (metric tons per capita),Access to electricity (% of population),"Annual freshwater withdrawals, industry (% of total freshwater withdrawal)",Population density (people per sq. km of land area),"Manufacturing, value added (% of GDP)","Industry, value added (% of GDP)","Services, value added (% of GDP)",Urban population (% of total population),Nuclear Language,Section on Nuclear,Operational Capacity (MW),Under Construction Capacity (MW),Shutdown Capacity (MW),Nuclear
0,AGO,49.9,3.21853035205175,32866268.0,13781988139.5961,127.115413,35.2845259757963,27.3316321959984,3.60595906776897,893768430.83993,62306913444.2917,-4.04051000025351,0.88738036390839,45.6703147888184,33.9472938509,24.7130721103714,4.30866653967553,44.7609032351554,41.3944361433503,66.825,0,0,0.0,0.0,0.0,0
1,ALB,1.3,-0.577942252408581,2837743.0,4817386149.20461,75.95970884,23.249921309893,38.080952627464,2.88661148238797,-1317236096.62278,14799615097.1008,-3.31123944391327,1.93973156347946,100.0,16.3262431328,104.612262773723,6.21173685213594,19.7049994696374,48.4282850128423,62.112,0,0,0.0,0.0,0.0,0
2,ARE,0.0,1.21942868246666,9890400.0,106701571777.291,38.32886764,92.4562533364679,68.4798395482329,5.08041965843662,,421142267937.372,1.6777203729529,20.7974984025486,100.0,1.7258629315,135.609208673613,8.72083649650538,46.1603691405382,53.1087906890622,87.048,1,0,1345.0,4035.0,0.0,1
3,ARG,1.5,0.970053991438048,45376763.0,39403734630.1228,102.997581,16.6137220454622,13.8865054056974,4.34010162122093,2984985969.99773,383066977653.56,-9.90523485573888,3.9872341980589,100.0,10.5876124934,16.2585100979651,13.86030694595,22.4694767111459,54.3371880468241,92.111,0,0,1641.0,25.0,0.0,1
4,ARM,1.1,0.185983344838062,2963234.0,2615530571.20173,62.78704658,30.7076519248757,39.3496358782492,5.38244293235421,-394236447.78479,12645459213.5235,-7.59999999999999,1.88024626821933,100.0,4.2710586922,103.67899543379,12.4394191665917,26.4138473692168,53.2963672595596,63.313,1,0,415.0,0.0,376.0,1
5,AUS,0.5,1.25869817155796,25687041.0,43012629264.9892,63.12767943,23.9152267660839,20.0626259797586,5.03115546358054,33829320741.584,1330900925056.98,-0.284839297785609,15.475516485656,100.0,16.0807055697,3.24787091037205,5.71969510002327,25.6880849464954,66.0401886132934,86.241,0,0,0.0,0.0,0.0,0
6,AUT,0.6,0.419000872876687,8917205.0,30439562425.1269,85.22413039,52.6231770817038,48.8504493066989,3.60837670799345,10780590327.196,428965397959.456,-6.59041042539226,7.14663762463773,100.0,77.1741931789,107.131858943286,15.8242708027264,25.4357210574713,62.9235389793881,58.748,0,0,0.0,0.0,0.0,0
7,AZE,0.0,0.852605731702236,10110116.0,7633754109.94894,21.37019171,35.6953123058529,36.4676207543054,3.73014078315772,-227568000.0,42607176470.5882,-4.30998913316057,3.22140218320925,100.0,23.9563121988,120.25759188908,5.76773865766883,41.3879462449021,42.5185207683875,56.397,0,0,0.0,0.0,0.0,0
8,BDI,72.8,3.07610176014791,11890781.0,90319165.5391625,69.51290988,4.98420165847728,27.9170758155318,7.72218437489304,-362644693.882423,3258187232.63159,0.297577119233125,0.0527946300523678,11.0647974014282,5.3552302749,435.178309968847,9.36171645020186,10.6789943792682,45.2088533120584,13.708,0,0,0.0,0.0,0.0,0
9,BEL,0.1,0.581620792438621,11555997.0,33296227564.694,114.9897818,80.5786821089466,80.1263096581407,4.74127411057829,-933105903.567895,515332499627.861,-6.28392995127165,8.17971106113614,100.0,80.3705558338,377.379590488771,12.268957032153,19.2064797643674,69.6481136334773,98.079,0,0,5942.0,0.0,10.0,1
10,BEN,49.6,2.69237381344614,12123198.0,,45.38692303,19.8724704276524,24.9607629492202,9.07481537036461,-580555691.729075,15651545208.8783,3.84879240030133,0.688722324311593,40.3187408447266,12.8205128205,101.853804540617,9.68791310326743,16.2905490528658,47.8973320949726,48.415,0,0,0.0,0.0,0.0,0
11,BFA,43.8,2.82323073597345,20903278.0,,44.32579084,25.3690571279328,31.3562031627096,6.03244507030799,-523837226.294833,17369059295.2226,2.02238469536866,0.21618648458803,18.3791522979736,2.6528117359,72.1910307017544,9.80208365415309,29.963441424073,41.2175086717595,30.607,0,0,0.0,0.0,0.0,0
12,BGD,14.3,1.00277418143487,164689383.0,43171735335.8001,38.85544986,12.1811153367093,18.5825249863126,3.13980502442378,1081626471.45365,324239176765.053,2.37552165571601,0.512837313770296,92.2,2.1466406468,1239.73813474687,18.9326330099565,28.7894173849569,54.631683687963,38.177,0,0,0.0,2160.0,0.0,1
13,BGR,0.9,-0.697303108247042,6927288.0,37860001348.6185,23.79095512,56.1365256810026,54.4373186023179,6.38417492583013,-537660000.0,69105101089.5531,-4.15370282988493,5.85477343393352,100.0,69.6651055934,64.7110998526161,,22.9700033518799,60.1632189715981,75.686,0,0,2006.0,0.0,1632.0,1
14,BHR,,3.61532480809725,1701583.0,2523073657.45375,132.8777002,76.8414023649251,65.5179374026193,9.78520977075594,-2434574468.08511,38474521276.5957,-5.81468342829542,19.5929758385156,100.0,3.2458563536,2012.10256410256,18.3406022749323,40.5220393693269,59.1679525917165,89.506,0,0,0.0,0.0,0.0,0
15,BIH,0.1,-0.613297985300864,3280815.0,8707117939.31002,38.34083455,34.3160365592666,48.9380537927718,8.72351247081657,-634562584.044898,19788422248.1072,-4.32734580579653,6.78113160660171,100.0,,64.92048828125,12.5000849846576,23.8713441476592,55.7305876355886,49.02,0,0,0.0,0.0,0.0,0
16,BLR,0.0,-0.201820684328915,9398861.0,7468343228.01747,48.04500528,61.9005346720542,58.7818184291798,6.47006816492061,-240799999.999994,60258239055.5829,-0.900000000246891,6.25402079970694,100.0,31.7108088762,46.7213469307321,21.4772186169272,31.300627185285,49.0748676924751,79.483,0,0,1110.0,1110.0,0.0,1
17,BOL,3.2,1.37952758307147,11673029.0,5247234668.79635,67.28995259,24.9672622840166,31.4300444441081,4.94824309303077,-176383301.321801,36688861202.6049,-7.82328995009992,2.00032766265544,96.3031005859375,1.5325670498,10.4801440044309,10.4895035412124,25.2102745511952,50.7199151225106,70.123,0,0,0.0,0.0,0.0,0
18,BRA,4.6,0.712872791114979,212559409.0,355614251456.14,98.94335608,16.870854838818,15.4834410410785,4.13022139420731,-24074023601.545,1444733258971.65,-4.05904827267295,2.04187419904738,99.8,14.480595606,25.0617146877176,9.7698900549018,17.6501088166769,62.9223836355469,87.073,0,0,1884.0,1340.0,0.0,1
19,BRN,,0.961675067594484,437483.0,3997356505.31302,2.854290052,57.3072763660453,52.8898216256886,3.65225820025726,893760724.315115,12016056665.3473,1.20300193904603,16.644908616188,100.0,,81.3965844402277,15.7689283331489,59.0957785071,41.5110014794112,78.25,0,0,0.0,0.0,0.0,0
20,BTN,1.5,1.11006114109419,771612.0,1510313610.30097,120.7434939,34.0075966646594,50.3512392601448,10.4079225807329,-381152580.869852,2409262838.21987,-6.77210161101478,1.82927799192997,100.0,0.8875739645,19.7796539066597,7.1199525437132,36.131743608331,43.3552360191017,42.316,0,0,0.0,0.0,0.0,0
21,BWA,14.5,2.05887502746375,2351625.0,4940893802.78156,20.72852054,29.663766209772,46.3675379024156,3.35102805516129,-1396883004.56261,15781732825.8934,-7.89305358895749,3.64230521985371,70.1831817626953,12.1243523316,3.97732077003158,5.40995210188683,25.034359873307,63.042727418559,70.877,0,0,0.0,0.0,0.0,0
22,CAN,0.2,1.08959148655862,38005238.0,90428136419.3486,117.8422013,28.9808222186228,30.9919734526404,7.34149141792461,-31664470398.9329,1643407977068.93,-5.40279855256868,15.4970252672198,100.0,78.8549596876,4.1341593804758,9.68457578828024,24.0278028870792,67.1166720622468,81.562,0,0,13624.0,0.0,2143.0,1
23,CHE,0.0,0.715961342750833,8636896.0,1083404341999.89,42.94908848,63.1538223677737,52.8612831572045,2.19457627268498,28094323423.3825,747968636174.008,-2.87025191142793,4.40199104356902,100.0,37.0688660745,215.465192227053,17.8838802661978,24.5822885938719,71.9690094496199,73.915,0,0,2960.0,0.0,379.0,1
24,CHL,0.3,0.862530028020963,19116209.0,39166118109.4101,32.54222253,31.5448682321507,26.2969679649314,3.77685121790114,3369646463.17556,252940023046.011,-5.77150166876176,4.6248722447118,100.0,13.3894047585,25.1894551949344,9.92936791179752,31.4258558764694,56.4789467697315,87.727,0,0,0.0,0.0,0.0,0
25,CHN,0.5,0.31409109311522,1402112000.0,3357240875433.72,66.82551893,18.4969112496804,16.0099766083437,6.69006970167277,273980396749.08,14722730697890.1,2.29999999995441,7.40521134749736,100.0,22.3206821602,147.774419499208,26.1759067199929,37.8209172526162,54.5260161998263,61.428,1,0,48528.0,12565.0,0.0,1
26,CIV,29.8,2.54058456481746,26378275.0,,45.7072932,23.7762775609114,22.6246368942578,7.23590098153217,-1348827419.86918,61348579465.1017,1.81644146095073,0.39530538358065,68.5501098632813,20.82616179,78.8340440251572,11.7846368977564,21.1872727204344,43.1118666133044,51.706,0,0,0.0,0.0,0.0,0
27,COL,4.9,1.07376749290975,50882884.0,58499477956.7248,62.78727045,13.6821330516426,19.9709695012141,2.2580137022641,-9083483971.43088,271346896626.418,-6.8473142056573,1.6006506184645,99.7662734985352,27.4043053413,44.7598521856692,11.0167371489331,23.7848607699033,59.6810857308831,81.425,0,0,0.0,0.0,0.0,0
28,COM,19.1,2.17435502569656,869595.0,294339897.88933,26.80743499,12.8095669291611,29.2661002614576,4.6913729905816,-37401621.4336349,1219690024.50287,4.91077747534176,0.31237910327974,84.0482406616211,5.0,447.24449220849,,8.85391147203463,53.3187207772605,29.38,0,0,0.0,0.0,0.0,0
29,CPV,3.4,1.09448034644791,555988.0,735084797.415375,139.0414188,24.8509820217494,59.8417545432132,2.77272582273854,-283996435.531951,1703698676.69742,-14.7834050101145,1.14020052817031,95.5335388183594,1.4814814815,134.929032258065,7.34710771294618,23.0872476526782,58.861559176152,66.652,1,1,0.0,0.0,0.0,0
30,CRI,1.0,0.91805992540637,5094114.0,7231533677.41305,68.34716842,30.9575976968177,28.5790642276807,2.87898186287011,-1289119392.26517,61520669890.4037,-4.53996591674169,1.65218405330354,99.71,7.5140889167,97.9131022326675,12.703419032201,19.6826407912712,68.8457833771126,80.771,0,0,0.0,0.0,0.0,0
31,CYP,0.0,0.7304469214141,1207361.0,1237326347.35603,118.2012552,67.6522381685836,73.8713191015657,3.27462324276895,-2850224165.07912,23804340376.9275,-5.10347951905253,6.07940050216016,100.0,5.4662379421,128.708008658009,5.41560504205713,12.5164653778424,74.0727710681503,66.821,0,0,0.0,0.0,0.0,0
32,CZE,0.0,0.252925088481678,10698896.0,166116998583.293,37.57008868,71.4949098621984,64.5921971919544,5.50770869901654,8844653540.31461,243530379896.813,-5.60230376385736,9.64070499819002,100.0,59.3228655545,137.693367875648,21.8407186609726,31.4886010387444,57.4985921911768,74.061,0,0,3934.0,0.0,0.0,1
33,DEU,0.0,0.177430343551393,83240525.0,268408603348.679,68.9262746,43.8173235340898,37.9967769331649,3.6030941551038,266121607028.824,3806060140124.52,-4.89654544989574,8.55838981170216,100.0,80.8177528982,237.294012250272,17.821368873097,26.1908991876311,63.5926991834297,77.453,0,0,8113.0,0.0,18262.0,1
34,DJI,17.0,1.4728347321268,988002.0,686339280.94212,42.23550047,153.443249997671,140.331869996657,3.41189662230203,448272563.583165,3384404260.07202,0.499999999999986,0.51098993349831,61.275936126709,0.0,41.368550474547,2.76548859786005,16.219937498584,70.2489814424119,78.062,0,0,0.0,0.0,0.0,0
35,DNK,0.2,0.291641177476633,5831404.0,72823350926.5649,43.42035958,54.3470372544636,47.8573987097178,2.60694961697757,26022796379.9055,355184024841.254,-2.73328894458554,5.76149416359606,100.0,4.4393469167,144.8409,13.4471830996993,20.8177014186482,64.9967030078473,88.116,0,0,0.0,0.0,0.0,0
36,DOM,0.6,1.00939108305127,10847904.0,10844812012.4981,69.40465941,18.2956971595932,25.9979593928743,2.45204024490278,-1541000000.0,78844702329.0785,-6.72023937283404,2.36375764821923,100.0,7.2693023717,219.978203270544,14.4450594216924,30.2824717113219,57.2042451585214,82.54,0,0,0.0,0.0,0.0,0
37,DZA,0.4,1.83653350440444,43851043.0,59434389109.5108,53.06726236,17.0905671583236,28.1404837091377,4.13270236532592,-17147722730.2744,145163902228.168,-5.48099193515836,3.59165741835207,99.5,1.8256547505,17.7300617489475,23.8355614515158,34.2486109235704,47.7797680484845,73.733,0,0,0.0,0.0,0.0,0
38,ECU,3.6,1.53874114229084,17643060.0,6569460538.88405,64.58240173,22.5325811136162,20.7534368924139,3.62322732622132,2473564920.44676,98808010000.0,-7.75012337710913,2.31381230047905,100.0,5.5353901996,68.7886898051216,15.5704421129421,32.0045044931074,52.6344605057829,64.166,0,0,0.0,0.0,0.0,0
39,EGY,3.8,1.92024763689114,102334403.0,38972812936.6708,90.18616838,13.1838487972509,20.7749140893471,3.51107011031528,-14235956908.6917,363069245165.315,3.5696694750486,2.50204214229022,100.0,6.9677419355,98.8734763172435,16.1925773195876,31.8041443298969,51.6524089347079,42.783,0,0,0.0,0.0,0.0,0
40,ESP,0.9,0.461546666660309,47351567.0,81287702460.7527,117.0826622,30.631596026738,29.1407312841781,3.3273590424132,8664910484.11465,1281199091016.35,-10.8389473393255,5.52035039972218,100.0,19.1119938493,93.6697920792501,11.1654830444558,20.578266164333,67.5415307863614,80.81,0,0,7121.0,0.0,1067.0,1
41,EST,0.2,0.312947615313683,1331057.0,1996892748.8784,18.4982256,69.8168170308201,69.6803349483357,6.31701835765886,-391484869.900061,31029968591.2779,-2.9322480563053,12.1030850007224,100.0,96.4199675052,30.4112491373361,12.6353373085577,21.8782419923984,63.8507485717197,69.229,0,0,0.0,0.0,0.0,0
42,ETH,30.8,2.54138646419898,114963583.0,3046114358.80766,55.26328431,7.08963417832595,16.9285986719216,13.6692641670453,-4611293722.98811,107645054311.876,6.05661779202561,0.149050931014413,48.2716217041016,0.484447436,96.7186507391537,5.30390638312753,23.1050196941692,36.813330393507,21.695,0,0,0.0,0.0,0.0,0
43,FIN,0.1,0.164906516324292,5530719.0,13479975777.3892,67.09779645,35.8605616780437,35.4744027591202,6.36568443250672,-462884410.984844,271233883403.892,-2.7735767057801,8.04275204989552,100.0,75.8971612212,18.1479501184522,13.8330799647951,23.5978051687182,60.5599935991106,85.517,0,0,2794.0,1600.0,0.0,1
44,FRA,0.0,0.211906588145578,67391582.0,224236417867.711,113.4614329,28.0434779746962,30.2580972703621,4.10185369917219,-48911340953.4187,2603004395901.95,-8.11490709749263,4.61924120513374,100.0,68.651183902,122.547844334015,9.28599919173197,16.2941481306937,71.0344294974828,80.975,1,0,61370.0,1630.0,5549.0,1
45,GAB,3.4,2.41695722640636,2225728.0,1371973832.67956,72.50404185,47.9343790360916,22.6644039959844,6.53637696906845,140995975.044941,15593181270.9135,-1.32393655297315,2.17527220393767,90.6852569580078,10.1365923796,8.22476423332169,33.1397489518146,41.4690619817209,46.217558519855,90.092,0,0,0.0,0.0,0.0,0
46,GBR,0.3,0.565404594994568,67215293.0,180054101389.553,103.6586284,27.3663507160616,27.7241566088505,3.01731446844954,-95421171027.8977,2707743777173.91,-9.79024036173693,5.39870813789348,100.0,11.9952494062,274.708981936924,8.38867085314239,16.9163069431957,72.7900857891355,83.903,0,0,8923.0,3260.0,4715.0,1
47,GHA,12.7,2.13076347294538,31072945.0,7884091538.70727,78.00913661,35.8426561307871,35.2694273246958,3.74524032187346,-1863971933.06699,72354428864.9032,0.414443468055197,0.541201382411755,83.5,6.4864126724,130.821429199262,9.92052399917336,34.6854824024051,42.632634973556,57.349,0,0,0.0,0.0,0.0,0
48,GIN,36.1,2.79160707922075,13132792.0,1417701130.96454,41.37881497,53.1407223701493,37.0871714336868,10.6160385122455,-314620000.0,15681050917.1588,6.98855997075241,0.25132323293185,42.4183883666992,9.7926468026,50.5221064626404,8.63539665944386,32.7303708682801,36.1897289759232,36.875,0,0,0.0,0.0,0.0,0
49,GMB,10.3,2.89536550569189,2416664.0,191773260.980301,75.82727494,20.6373775940739,34.9013148493857,4.49808095319411,-78645905.1960736,1901930157.64528,0.0,0.249989912687734,59.9212875366211,20.8661417323,225.305533596838,3.96697288873994,15.7929936821528,54.5248856884206,62.582,0,0,0.0,0.0,0.0,0
50,GRC,0.1,-0.0562855184238398,10715549.0,11931180004.6485,213.1010806,31.8880748545979,39.4394058099101,3.72312234989223,-12618222578.8723,189410106620.016,-8.24773611483073,6.08317505028006,100.0,1.8531533856,83.2651823118697,8.30738041229753,13.9128567755269,69.8061162242531,79.715,0,0,0.0,0.0,0.0,0
51,GRD,,0.460536799472609,112519.0,293320432.166449,70.62739805,23.070344288216,54.3656255844399,2.97162883878338,-116327736.4428,1089203703.7037,-11.2307582271741,2.69181419303897,95.4287414550781,0.0,327.791176470588,3.08380230205553,13.37878504514,67.9153986092456,36.537,0,0,0.0,0.0,0.0,0
52,GTM,8.8,1.51998785357799,16858333.0,18463562201.5352,31.74172485,16.8953212822689,24.9453031685316,4.48345586321932,4248976410.0,77604632170.5853,-1.51932802919289,1.11396927255543,95.7245712280273,18.1432568214,152.547125793206,14.0896900473611,22.0777075124322,61.8682228349078,51.836,0,0,0.0,0.0,0.0,0
53,GUY,11.8,0.482243720375381,786559.0,680986959.718791,43.8885546,84.6228685715672,109.727888738605,6.3628666799684,-1696245503.9341,5471256594.72422,43.4795146332261,3.13219265038697,92.0216903686523,1.4120578667,3.95736347472695,4.24402392446419,38.7960801467797,38.9200329255047,26.786,0,0,0.0,0.0,0.0,0
54,HND,14.8,1.61313593312324,9904608.0,8138457727.65673,48.88231863,35.2289163537827,50.524829034906,6.15241325056345,-347298261.567879,23827840809.7014,-8.96476018404584,1.01903275747031,92.7795257568359,7.0939639079,85.6870408436858,16.0288055867036,25.950158911833,58.3418127285168,58.359,0,0,0.0,0.0,0.0,0
55,HRV,0.4,-0.445069568982822,4047200.0,23253815166.0319,87.20665228,41.6628883856594,48.8902463799873,4.05307604349478,-532493277.600593,55966581780.1688,-8.36737821725714,4.05592876243046,100.0,25.7342657343,72.2361371267008,11.9967908130963,21.5271166237474,58.9252023253934,57.553,0,0,0.0,0.0,0.0,0
56,HUN,0.2,-0.219026829355275,9749763.0,41349416012.5512,81.19519872,79.6627203325104,77.5068273741757,4.31831150570238,166968671.394879,155012927629.087,-4.95674851669689,4.74550624393641,100.0,74.6039856924,107.117729563883,18.0347278941736,25.2468039343185,55.8312514602784,71.942,0,0,1902.0,0.0,0.0,1
57,IDN,2.7,1.06517898587775,273523621.0,135915917616.263,36.62103271,17.1683353704186,16.0222532818584,3.52522267437828,-4341493722.72682,1058423838345.14,-2.06954349906437,2.17846155349724,98.85,4.1031284389,142.566093339135,19.8782656783251,38.2611735100338,44.39914605479,56.641,0,0,0.0,0.0,0.0,0
58,IND,22.5,0.989413800188014,1380004385.0,590227359928.896,89.55868091,18.0765867880475,18.3932965777645,4.73091044855314,33006863208.3402,2622983732006.45,-7.9646104111382,1.79982544579379,97.8152847290039,2.2339027595,454.946465917079,12.9616850273353,23.1987388080869,49.2663781471261,34.926,0,0,6885.0,4194.0,0.0,1
59,IRL,0.2,1.21632299788168,4994724.0,7463044894.51105,59.801244,127.639874350788,97.6739294475006,1.94829340955039,-44933860211.6341,418621818482.305,3.41781552662215,7.62432519277565,100.0,5.9233449477,70.6534475250399,36.6228494763307,39.0861548599685,54.3821835097524,63.653,0,0,0.0,0.0,0.0,0
60,IRN,0.5,1.29302669121629,83992953.0,7685456407.40762,42.76831748,15.031970865166,21.1220320115564,7.79411629860581,12481000000.0,191718271483.759,1.66179375961026,7.69301259933288,100.0,1.1789924973,50.2223802156242,14.7821432892218,30.5509610232214,57.020519055481,75.874,0,0,915.0,974.0,0.0,1
61,IRQ,1.7,2.29530432997508,40222503.0,65340042658.0155,81.1529261,39.968190663865,32.4961361402252,3.71626708149862,-6196900000.0,167224432560.319,-10.3650901764239,4.89519536080978,100.0,5.317769131,88.5305808425165,1.99952734159791,44.3957866792372,50.779282374023,70.893,0,0,0.0,0.0,0.0,0
62,ISL,0.0,1.61271631750822,366425.0,6419314385.06349,79.86738928,34.1005735865763,34.6955457272057,16.557495602537,235516397.744742,21714670569.6033,-6.6491054127991,6.23722432177273,100.0,71.1462450593,3.49817514628583,8.7217443139656,19.8599583015094,65.9998394579601,93.898,0,0,0.0,0.0,0.0,0
63,ISR,0.2,1.78321064217074,9216900.0,173292120893.254,73.03504279,28.3199654245787,23.9864560376044,3.59058439689,19784700000.0,401953804837.087,-2.43998591588895,6.97640383662809,100.0,3.125,410.480591497227,10.8719068907175,18.4645243408671,71.1604603270578,92.587,0,0,0.0,0.0,0.0,0
64,ITA,1.4,-0.293517052809649,59554023.0,210687330553.17,155.5622292,29.4897132462688,25.8283129840132,3.07219897115511,69734980982.2536,1886445268340.71,-8.87114634766792,5.37637433931087,100.0,22.5225225225,202.941457024821,14.865842707555,21.5112253010711,66.7510235106684,71.039,0,0,0.0,0.0,1423.0,1
65,JAM,1.7,0.436048924264813,2961161.0,4081089663.51824,105.4891504,37.8999801885696,52.0745268861885,5.20720144232321,-318538083.619109,13812421803.4084,-10.2,2.89963415544152,99.3837738037109,81.2407680945,270.992890120037,7.95270594551504,20.3912395369836,59.7396040932866,56.311,0,0,0.0,0.0,0.0,0
66,JOR,0.1,0.999208651805595,10203140.0,15543454210.4578,88.54036964,23.7202894605874,41.651633140626,4.64266142520708,-1003464788.7324,43697659275.3137,-1.5513843252939,2.47859527268662,100.0,3.1127286658,112.24737553503,17.2705280881531,23.9135290785133,61.5878984686728,91.418,0,0,0.0,0.0,0.0,0
67,JPN,0.7,-0.340268777594094,125836021.0,1390808939303.37,256.2172349,17.5501127381524,17.3790811093456,3.74238616904232,164496624662.014,5064872875604.59,0.270308582079323,8.7422577098865,100.0,14.2541436464,347.130589849108,20.746867035077,29.0720136422082,69.3135669969687,91.782,1,0,31679.0,2653.0,17119.0,1
68,KAZ,0.0,1.29209842042897,18754440.0,35638096635.119,27.36318435,36.4389870990994,28.419629452657,7.92285245133914,-6272826752.61787,169835426427.153,-2.60000000027189,12.0619691393056,100.0,28.5632489469,6.76980849724043,12.6608976593723,33.1220877807574,55.7537470524431,57.671,1,0,0.0,0.0,52.0,1
69,KEN,37.1,2.25187943057208,53771300.0,8297263558.90541,68.68722512,11.2604840756098,20.1563784522012,7.84569055131701,-5559231016.68245,98842939649.1149,-0.307497490498449,0.358028407608337,69.7,7.5148809524,90.2986435674878,7.54190912861537,16.1761695357592,42.1900681530255,27.995,0,0,0.0,0.0,0.0,0
70,KHM,,1.39996509699246,16718971.0,21328475092.6612,31.57626545,62.4454107939222,63.897424049794,5.76953772321403,-3075615892.42875,25291251427.3979,-3.14103480632566,0.686777894736518,93.0,1.510989011,92.0563958758214,16.5274519290141,34.670719337936,36.2085671724565,24.232,0,0,0.0,0.0,0.0,0
71,KIR,12.9,1.55073260348907,119446.0,,17.25814816,9.63032728985166,88.7620863303888,4.13745997897163,86818266.8180729,199573325.992705,2.53807106598984,0.690595811536403,100.0,,143.014814814815,4.07688159383853,12.4706624030625,63.257935392725,55.594,0,0,0.0,0.0,0.0,0
72,KOR,0.2,0.138141336294406,51780579.0,443462937570.176,48.68060823,36.8974267959481,33.1809523631366,6.54805337164954,75275700000.0,1630525005469.11,-0.957766223525297,12.224591362122,100.0,16.43157817,529.190248154225,24.9463055188308,32.8011976806499,57.0188441608522,81.414,0,0,23150.0,5360.0,1237.0,1
73,LAO,10.0,1.46904562085281,7275556.0,1392600618.8923,67.98397939,33.2094274563541,41.8824634642904,5.17189025046944,-947266493.462598,19136194848.6534,0.439513530709007,2.66090849278722,100.0,2.3224043716,30.5957452339688,7.63645836808385,32.081616522878,40.6365437807455,36.29,0,0,0.0,0.0,0.0,0
74,LBN,0.0,-0.442463494176285,6825442.0,42440403086.5713,154.3639862,26.8907336614014,44.8332246148046,4.17764316047602,-11539788230.5333,33383246857.58,-20.2999931945589,4.03970721671608,100.0,48.9130434783,670.518866080156,2.69922674065464,7.24130154729577,86.3607462624388,88.925,0,0,0.0,0.0,0.0,0
75,LBR,44.4,2.40736760615038,5057677.0,538124440.834905,61.76709566,28.6066640677966,94.539673559322,25.9923426815392,-653403371.780943,2950000000.0,-2.87072242804096,0.273917114341304,27.6492099761963,36.6004112406,50.0308970099668,1.68644829027388,11.6697674576271,49.6923305084746,52.089,0,0,0.0,0.0,0.0,0
76,LCA,4.6,0.45521114346163,183629.0,231361279.000779,85.59606365,,,3.18626739415913,102844196.7964,1703364240.74074,-20.211549191879,2.14415305954148,99.5477752685547,0.0,298.180327868852,4.20995840276532,12.1929296586258,71.9991925782517,18.841,0,0,0.0,0.0,0.0,0
77,LKA,0.9,0.530626559530355,21919000.0,5663994385.3332,100.0781466,16.5835642765473,22.9398155039189,2.06413179049108,-1808060465.43059,80706600228.6499,-3.5690761372374,0.998154130133826,100.0,6.4189711108,350.284495021337,16.2049957256583,26.2475369425768,59.6656652221768,18.713,1,0,0.0,0.0,0.0,0
78,LSO,27.2,0.796017062223488,2142252.0,774095190.47731,50.26428477,45.4880154722391,93.1609910331999,9.72402849997534,-51896757.0538845,1844510137.67817,-11.0609937385315,1.21897599376188,44.6406784057617,45.6621004566,69.4442358366271,15.8007769126911,29.8880123828532,52.8353076923087,29.028,0,0,0.0,0.0,0.0,0
79,LTU,0.9,0.0201473044178691,2794700.0,4846519049.92043,46.98039312,74.0737357199101,64.4216154846271,3.85930726853182,4699880273.72719,55887271833.0025,-0.871905539751921,4.13700592851868,100.0,26.9111969112,44.731646175954,15.5807916441037,24.856998813644,61.5487222638602,68.046,0,0,0.0,0.0,2370.0,1
80,LUX,0.3,1.96033351479549,632275.0,1188258812.91965,25.54589055,214.526761536337,175.802499988892,2.87275790450914,2999068788.52084,73263982103.0119,-1.31320454303741,15.3302080763221,100.0,3.5087719298,250.185185185185,3.76148107001713,10.7175543552356,80.0839342229954,91.453,0,0,0.0,0.0,0.0,0
81,LVA,0.3,-0.643399845442153,1901548.0,5289640347.50005,45.47964199,60.2778877373849,59.118332430854,3.91412407131966,1004108792.67273,33505185228.7067,-3.62368391569032,3.95916507798465,100.0,13.9149641082,31.0383958769528,10.6162936365591,19.1768672288993,63.9811292041823,68.315,1,0,0.0,0.0,0.0,0
82,MAR,0.9,1.19592077719908,36910558.0,35997639773.4544,76.07213478,35.4507625104632,43.1665112187082,3.15452691832883,-1633348614.14024,112870591694.044,-7.11723216887476,1.85072678357202,99.6,2.0324034129,80.7284091418328,14.8004423405788,25.2582454551754,51.2138675780545,63.532,0,0,0.0,0.0,0.0,0
83,MDA,0.0,-1.72056466408314,2617820.0,3783579237.84116,35.31094914,27.2632404126507,49.7273344016708,8.392266857123,-795728905.547226,11914040905.2626,-6.96904629575548,3.17183206349277,100.0,77.380952381,94.2895937999394,10.6833814048901,23.2777911169203,54.236193315493,42.849,0,0,0.0,0.0,0.0,0
84,MDG,78.8,2.64087322692548,27691019.0,1980766598.34546,43.57957073,23.2627338534635,30.3504836967003,5.36685845365726,-330509080.273773,13720634105.403,-4.20000207447691,0.128320761389143,26.9071846008301,1.1942258186,45.1397610862839,,13.3207251526883,57.0414798711912,38.534,0,0,0.0,0.0,0.0,0
85,MDV,0.0,1.78913012096883,540542.0,994584647.586585,142.5756973,69.0233672857999,77.9681522791169,3.84283587378215,-1513321373.60322,4030203166.77482,-31.9820637101164,3.70367497634302,100.0,5.0847457627,1719.01333333333,2.04004148038899,11.6987230953588,70.0287094990091,40.669,0,0,0.0,0.0,0.0,0
86,MEX,1.7,1.05824003448927,128932753.0,199069188921.046,60.5892624,40.09167339263,37.8904429696447,3.73852342945458,26570569528.0,1076163316174.94,-8.23947327731744,3.74147772536983,100.0,7.7569327444,64.914623318501,17.1981302754158,29.6327599057298,59.9650048798925,80.731,1,0,1552.0,0.0,0.0,1
87,MKD,3.4,-0.0037438460534841,2083380.0,4126254083.78,51.24955116,58.1363238651833,70.9224266198271,4.22656745707274,-424156466.946026,12266949805.1436,-4.53199502416193,3.53823914751961,100.0,27.12338496,82.5914750198255,12.500866083494,22.6152894904761,56.9895317617939,58.482,0,0,0.0,0.0,0.0,0
88,MLI,50.3,2.97104277387719,20250834.0,,44.14966607,26.369475252241,33.4140967113447,2.82641942372024,-835846583.572637,17393761397.0805,-1.64926140079287,0.294583927721055,48.0212478637695,0.0771307366,15.6350691285783,6.81437371421769,21.2445098162214,34.4117238184668,43.909,1,1,0.0,0.0,0.0,0
89,MLT,0.1,4.12416960622934,525285.0,939827082.381045,55.42998683,140.580485581041,130.966349432405,1.80845409467434,-575877543.662836,14647384607.604,-7.00112961514149,3.19831624125622,100.0,1.5673981191,1514.46875,7.74070705255234,13.4389111652567,76.1437624037283,94.744,0,0,0.0,0.0,0.0,0
90,MMR,1.4,0.671933327635634,54409794.0,7670070785.09329,39.30090811,28.9737173986047,27.4672270869175,3.12418890377145,67720479.4120727,76185586096.7974,-9.99204468600205,0.605492802809427,68.3566513061523,1.492599891,82.2750317866389,24.7603165558292,35.774293338051,41.4036755784691,31.141,0,0,0.0,0.0,0.0,0
91,MNG,0.5,1.63381332696237,3278292.0,4545276809.36505,76.57378727,58.960472202544,54.5658049268875,6.09524907108966,-674611942.840919,13137128659.479,-5.33555201697223,6.72509805331754,99.1252670288086,35.9429065744,2.03577063486712,10.6790488660929,38.2715364358715,40.0427840469249,68.657,0,0,0.0,0.0,0.0,0
92,MOZ,63.7,2.88683035436546,31255435.0,4091458220.57951,122.2245208,41.0113222521723,75.5358289531408,17.3105745223817,-3812791442.17585,14021421105.9078,-1.28188697176552,0.225115201178573,29.6161613464355,1.6972165648,37.5085950812584,9.05697123856886,22.8565845883534,39.8978517529276,37.074,0,0,0.0,0.0,0.0,0
93,MUS,0.2,0.0022911760884401,1265740.0,7291065336.38291,92.17158523,29.998486383271,48.7216924563671,2.55086341534477,-756265499.760089,10914065306.2423,-14.867831289276,3.26404031287368,100.0,1.9480519481,623.30197044335,10.7178036256942,16.6709746527414,68.1865707266525,40.76,0,0,0.0,0.0,0.0,0
94,MWI,69.2,2.65493985228086,19129955.0,574988493.623211,67.26424214,,,4.08477835402939,-1837411039.01636,11961848552.5977,0.799999999999955,0.0865337262442186,11.2,3.515625,192.439700890963,11.7107945331788,17.1592409722679,55.6057471332478,17.427,1,1,0.0,0.0,0.0,0
95,MYS,0.0,1.29428505685727,32365998.0,107643865229.363,67.50247151,61.4721626931771,55.0314009928856,4.68220513581964,14847914889.0297,336664444247.042,-5.58774467806195,7.6002204133699,100.0,29.9016034985,95.9611413787856,22.3075134146083,35.9072889646232,54.784819971722,77.16,0,0,0.0,0.0,0.0,0
96,NAM,13.8,1.84267165011262,2540916.0,2171154726.06938,66.80076051,32.9861597614943,41.5207033725598,3.26071850470963,179535217.886584,10699926682.6513,-7.98354382508364,1.73589837846669,55.1951179504395,4.8611111111,2.97380024049849,10.9892795747691,26.5316680245832,57.9483815859724,52.033,1,0,0.0,0.0,0.0,0
97,NER,45.4,3.77135127458367,24206636.0,,44.22068659,11.015651505512,26.7782653741173,6.94981928727214,-1572440249.92645,13678234008.4714,1.50000554259205,0.102037038018956,18.7747249603271,2.0560854418,17.7175582221521,7.0708026171759,20.2335095288219,36.0896927522845,16.626,0,0,0.0,0.0,0.0,0
98,NGA,39.1,2.54297340536727,206139587.0,36729565817.615,35.05382708,8.82952954354933,16.5702594143938,5.67956070545213,-16975923423.8576,432293776262.398,-1.79425308233591,0.667110198543523,55.4,15.751503006,215.064928576918,12.6672651648325,28.2205055170115,46.3861274680481,51.958,1,1,0.0,0.0,0.0,0
99,NIC,3.4,1.2004799883363,6624554.0,3211903361.95717,46.00456161,42.3229545412598,47.1519074952474,5.42963317938131,957800000.0,12621476263.8278,-1.97732939329578,0.805815232908442,88.2126693725586,4.7649876991,53.7269569552933,12.8864362045736,25.0609069600044,49.3473265535889,59.012,0,0,0.0,0.0,0.0,0
100,NLD,0.1,0.55347099272609,17441139.0,53971404675.3332,53.97132239,78.8837498153189,68.2606420141384,3.93663033533435,71062442223.4414,912242335119.069,-3.74132823489657,8.7728237338512,100.0,91.6866233322,511.779744579745,10.9554085897375,17.9374813753797,69.5890939231777,92.236,0,0,482.0,0.0,55.0,1
101,NOR,0.3,0.588757324043059,5379475.0,75258813465.0281,41.4,32.3555366752958,32.9448961103275,3.75346006759983,7033229262.00989,362008956544.827,-0.762477535422946,7.0313611886935,100.0,39.796373365,14.5488956208419,6.68866777601232,25.9246861482784,60.5156462329579,82.974,0,0,0.0,0.0,0.0,0
102,NPL,15.0,1.8290862928371,29136808.0,11467799301.6084,41.30863657,6.76009609107499,33.8870284907309,7.42382880373283,-49992291.2728354,33657175561.329,-2.08837869543885,0.428179218238,89.9,0.310621137,195.993805371468,4.44124174723656,11.7974421272615,53.3108665700451,20.576,1,0,0.0,0.0,0.0,0
103,NZL,,2.08680413331013,5084300.0,13733288688.8516,41.33730963,26.9868974011425,27.1048022231712,5.42357488787572,-1886174274.10078,212482013605.047,0.981029012861896,6.5726645716851,100.0,22.7648529129,18.6115225399719,9.99377284242031,20.4198603942997,65.5048073004457,86.699,0,0,0.0,0.0,0.0,0
104,OMN,,2.61143663007279,5106622.0,15007356725.394,81.08525262,52.2964827259804,37.7064408648614,6.30342698953805,-4140327405.4064,76331518668.5771,-0.825239185464682,15.1921243629744,100.0,7.2115384615,15.6041227786753,10.4661883130635,53.7240606761742,48.1370300903671,86.276,0,0,0.0,0.0,0.0,0
105,PAK,4.4,1.97831956650447,220892331.0,18521734363.9531,87.20556831,9.57783056947038,16.6326808196089,4.42216271628902,245011000.0,263686552686.208,0.525527438790377,0.981820104961691,73.9143600463867,0.7631507223,275.306517227065,11.5486366361783,17.6899347594919,52.7903500021797,37.165,1,0,2332.0,1014.0,0.0,1
106,PAN,1.2,1.59625723019903,4314768.0,9613847648.57363,63.45519179,40.7382175513828,43.4255306724721,2.17353444437206,1233074474.07,52938100000.0,-17.9493316725846,2.42765632047745,95.8345565795898,0.5118045237,56.3094759831215,5.7094984519656,23.6000158675887,71.0053817571843,68.414,0,0,0.0,0.0,0.0,0
107,PER,2.2,1.40921005836136,32971846.0,67711463443.5982,35.36369249,22.3344947735192,21.1022350641625,2.79098842070488,-3531134866.0459,202014363787.233,-11.1488118768393,1.69681922982601,98.3466033935547,1.2829429444,24.99161328125,12.9998845865312,30.5822084891852,54.372727797334,78.297,0,0,0.0,0.0,0.0,0
108,PHL,2.7,1.34542996462104,109581085.0,109990274218.874,47.07122189,25.1881089073629,32.986761161468,3.12231563959038,12978699962.1859,361489354350.0,-9.57302987461006,1.3336909595387,95.6286239624023,17.0891330365,357.686534527283,17.67205734726,28.3981277102128,61.4170642077377,47.408,0,0,0.0,0.0,0.0,0
109,PNG,38.0,1.9287015742933,8947027.0,2338947947.22446,49.1778321,72.1640496028947,58.9188614133539,9.28318183813894,5450798954.34838,23591523025.2864,-3.878818537374,0.866804456815709,63.4645118713379,42.7441979087,19.0043810449145,1.72426469114493,36.9240450738372,41.6473438003943,13.345,1,1,0.0,0.0,0.0,0
110,POL,0.2,-0.0386557422532846,37950802.0,154219192491.435,57.6877556,55.6335125668457,48.8710619229559,4.13568520275175,21067000000.0,594164690894.936,-2.70170919482509,8.23547225459022,100.0,69.784743577,124.031583760656,16.6390556960631,28.1645202234355,57.460675873909,60.043,1,1,0.0,0.0,0.0,0
111,PRT,0.3,0.187462779794563,10305564.0,29459811842.7908,131.6284345,36.7006031726473,38.6690008294045,3.3443540130864,-2606851517.37476,231255587276.741,-7.56361642251464,4.84061276050869,100.0,13.3922580761,112.261935951514,11.8518107255535,19.2160104949308,66.0981705023822,66.31,0,0,0.0,0.0,0.0,0
112,PRY,0.9,1.2399108173403,7132530.0,9202411639.30502,34.77604792,34.7163702431011,30.5511395640943,3.95260802090576,737610226.23509,35304238230.1132,-0.999999999994245,1.21045377784493,100.0,6.3820969747,17.5083538887491,18.3060998477523,33.2858091687126,48.8344845243514,62.183,0,0,0.0,0.0,0.0,0
113,ROU,2.4,-0.442473206930647,19286123.0,52190562712.0396,50.10453623,37.25760476446,41.7215575442841,3.52,-13137723792.9613,248715551366.635,-3.85937359255286,3.84513275926788,100.0,62.5129189429,84.6399947844228,15.4409914539243,26.3671561182202,59.0458918400594,54.194,1,0,1300.0,0.0,0.0,1
114,RUS,0.0,-0.209476796881133,144104080.0,596769862769.564,19.34507807,25.5231826070911,20.559897484321,8.4132177513638,33948910000.0,1483497784867.6,-2.95127389914892,11.1266183699469,100.0,43.533612793,8.82206789209416,13.2557790540318,29.9864875406902,56.2674931879226,74.754,1,0,28578.0,3459.0,3032.0,1
115,RWA,56.5,2.54338844179175,12952209.0,1806068098.77361,60.96242007,19.0302880690357,35.3133815132779,4.88485541750085,-1253742220.60655,10333991891.7032,-3.35547212198846,0.0877908243794144,37.7824363708496,11.1473626971,498.661086339684,9.00296407517089,19.3291477788828,46.4159150798466,17.432,0,0,0.0,0.0,0.0,0
116,SAU,,1.57883732958732,34813867.0,472850970844.846,32.43486807,26.342634301564,24.2597454479028,5.7986521826045,-19646832584.625,700117873249.269,-4.10658341159909,15.2687805332958,100.0,4.2826552463,15.6779614735148,12.9655544985636,41.364628299214,56.2353479927136,84.287,1,1,0.0,0.0,0.0,0
117,SEN,38.5,2.70939118149213,16743930.0,,65.81125015,22.4208921541514,36.8954743223083,4.97676680174836,-2215256000.63837,24910904235.857,0.870408531926302,0.621912356528099,70.4,2.61143629,82.3472913312211,14.762752257043,23.0891863975023,49.0204957465261,48.122,0,0,0.0,0.0,0.0,0
118,SLB,24.7,2.5146180244063,686878.0,660995997.34991,13.93869066,27.6665881798917,36.0646731025822,5.01783285753333,-25059550.8493401,1551245525.6045,-4.31726002703921,0.566740598232995,70.2584915161133,,23.3246159342622,,,,24.67,0,0,0.0,0.0,0.0,0
119,SLE,43.0,2.07450135530529,7976985.0,707703898.12545,71.94748669,12.8281444287588,37.3299470508918,6.99664375139719,-915430405.119839,3865018882.89755,-2.16249723146613,0.133330736434022,22.7,26.1545711593,105.987101690219,1.83030024558312,6.18593661548216,29.857723301484,42.923,0,0,0.0,0.0,0.0,0
120,SLV,1.3,0.50466302323087,6486201.0,3082859548.1397,88.20356922,25.5304658683568,43.8965579380747,3.64926895258607,120949966.267734,24638720000.0,-7.94398461326071,1.0606254107782,100.0,10.0566572238,309.881274131274,14.8933467322978,23.8089072808977,61.5105411320069,73.444,0,0,0.0,0.0,0.0,0
121,SRB,5.4,-0.534322699558648,6908224.0,16586724160.6969,58.36852326,47.9886418741307,56.8909799946269,6.55752523971291,-2235555743.73909,52960134078.6888,-0.979714616234148,6.52192219406972,99.8,75.4467855615,79.8376857992225,13.6647986685334,24.805032163932,51.5154801952477,56.446,0,0,0.0,0.0,0.0,0
122,SSD,76.4,1.18275937083062,11193729.0,378281747.007865,44.88052788,36.6513492804707,28.8999999040295,1.08609817039803,256860000.0,11997800760.2242,-10.7933646271143,0.125729733551362,6.72053527832031,34.1945288754,17.3689437145053,3.53427701123526,33.0945353993221,56.5504512594544,20.199,0,0,0.0,0.0,0.0,0
123,SVK,0.2,0.0857694756149868,5458827.0,9343714002.21729,60.66095095,85.7075023067471,84.8985467083764,4.47855276589316,-294411503.56509,104574146248.364,-4.7543253411001,6.05863547411852,100.0,41.5603091857,113.285586522463,16.5661129039188,26.4224692796162,61.0120793180657,53.76,1,1,1837.0,880.0,909.0,1
124,SVN,0.0,0.560630293306558,2100126.0,1311110695.57558,81.45201006,78.7079359217307,68.8292117407636,4.58220312656261,3748467380.58299,52880473699.8803,-5.53220784505318,6.77469533158397,100.0,81.382864505,102.992292564709,20.4562164276353,29.0965588345712,57.1077559712962,55.118,0,0,688.0,0.0,0.0,1
125,SWE,0.7,0.722703912882934,10353442.0,58260344659.2008,38.48935258,44.2313350983015,39.8502853549179,4.26906119402757,28188460665.2789,537609865719.019,-2.81781957242536,3.53800912688421,100.0,56.6315789474,24.9814981218237,12.4897582637205,21.591549156396,65.6751528257902,87.977,0,0,6882.0,0.0,4054.0,1
126,SWZ,29.2,1.04242295901109,1160164.0,545564174.123745,47.82647732,45.8951959242599,43.1970647637639,4.61164581757375,254892908.60415,3962493092.99308,-1.63702750696856,0.959275667664665,77.1696395874023,1.9382022472,66.0624418604651,26.9476597861777,31.3713498992678,53.7664555659402,24.171,0,0,0.0,0.0,0.0,0
127,SYC,0.5,0.853707878128979,98462.0,559681941.832234,98.37453702,77.1911570844845,111.384975933006,2.64140299488298,-330491250.558254,1124937500.0,-10.7204870650812,6.40747400839172,100.0,27.7372262774,210.352173913043,7.00291430331988,13.1451747319296,68.0684280439822,57.546,0,0,0.0,0.0,0.0,0
128,THA,0.1,0.250165166562935,69799978.0,258104429788.605,49.63724767,51.4299636993417,46.4996130362432,5.41195825241376,16298295985.3293,501794961925.244,-6.08722028505679,3.71403920358071,99.9,4.8459149129,135.897069819335,25.2287123605069,33.1030825215097,58.2520650007409,51.43,0,0,0.0,0.0,0.0,0
129,TUR,0.4,1.08419395235039,84339067.0,93511562720.3207,36.76463992,28.5692307413065,32.3251497818377,2.94674667903349,-37264000000.0,720101212394.114,1.7566507625293,5.0154183703224,100.0,4.9148633064,106.986590959292,18.8301235953178,27.7952888005398,54.644038510475,76.105,0,0,0.0,3342.0,0.0,1
130,UGA,41.3,3.26971334741299,45741000.0,3358514649.90299,45.74361681,15.0478229492243,19.7227157652467,9.64011748367126,-2332588662.39041,37372032557.5944,2.85758127391374,0.143462178127508,41.3,7.8492935636,213.091123079992,15.8930124936967,26.1755870693027,43.0125681388089,24.954,0,0,0.0,0.0,0.0,0
131,UKR,0.0,-0.568251538691365,44134693.0,29137541200.0461,60.74658443,39.0405145129994,40.092634847698,11.7931999054767,6224000000.0,155582008717.426,-4.02031771396206,4.15418063140229,100.0,38.9651416122,77.015046599931,10.1348751174864,20.8599361675038,55.6403969192929,69.608,0,0,13107.0,2070.0,3515.0,1
132,URY,0.1,0.345932798178836,3473727.0,16250371651.3164,66.2641743,25.3732710523544,20.9950368848669,3.09300365621152,-296779025.510798,53628827440.3582,-5.85872124345026,1.8902440792163,99.9,2.1857923497,19.7079762312879,10.2968007317849,17.9510588208738,63.0110589244641,95.515,0,0,0.0,0.0,0.0,0
133,USA,1.0,0.350911063312921,329484123.0,628369715338.322,127.1134655,11.7329568254467,14.5811983226091,5.40839253955352,-647218000000.0,20936600000000.0,-3.4861395571143,15.2408745833286,100.0,47.1989016183,35.7300964643583,10.926248915441,18.1563709661696,77.3148575320047,82.664,1,1,95523.0,2234.0,19171.0,1
134,UZB,61.6,1.92212652692564,34232050.0,34903111839.0572,37.90840209,26.3114607068744,36.7344632310388,9.99337538735857,-3138449538.26935,57707189945.4214,1.64779710168759,3.4011912817354,100.0,3.6162988115,74.8058698686884,20.1376565358442,32.7844692600821,33.4992176686958,50.416,0,0,0.0,0.0,0.0,0
135,VEN,6.7,-0.280539304004186,28435943.0,9794062064.62108,304.1254481,16.6938273502942,31.3969861752704,4.72396108905232,-3870000000.0,482359318767.703,-3.89438647450662,4.782754886893,100.0,3.5060968873,32.7499767586871,12.0733564315826,37.2446888923877,51.6674781595521,88.279,0,0,0.0,0.0,0.0,0
136,VNM,1.8,0.904517905712374,97338583.0,94833616150.4504,46.61507178,106.123249980733,103.200498319997,5.94487602352848,13101247000.0,271158442059.082,2.9058355842084,2.69880592228919,99.4,3.7474094843,308.143190247364,16.6961352392166,33.724107739453,41.6252763920107,37.34,0,0,0.0,0.0,0.0,0
137,VUT,13.2,2.39471636629146,307150.0,613636752.088083,44.20785593,23.2717326150277,46.8486583076574,3.86556805462456,113319249.723493,854793640.145606,-9.23532846095011,0.615016656701119,64.6662368774414,,24.0094339622642,3.62679990459093,11.4955371153822,,25.525,0,0,0.0,0.0,0.0,0
138,WSM,1.1,0.665989824539763,198410.0,277056415.241412,46.69414714,31.7337315332032,51.0773502879687,5.21262193410861,20469711.5181175,807027244.42138,-2.74256739608303,1.63158753467124,99.2,,69.3031802120141,5.44613740017502,14.8875612191651,74.8410261794735,17.889,0,0,0.0,0.0,0.0,0
139,XKX,0.4,-0.757524967757475,1775378.0,1095367616.61861,24.41449948,21.9959307114799,54.6603061587583,6.30273266951225,-551348063.429825,7611402165.24217,-6.88801319511511,,100.0,,164.508404519151,11.6656406840378,25.8122264731213,44.2131698231596,,0,0,0.0,0.0,0.0,0
140,YEM,18.3,2.25156062737417,29825968.0,5344296754.57831,83.15595906,,,2.05035649130322,-2418960821.49167,23486269598.9858,0.75244741049714,0.326681762802864,72.7517013549805,1.8232819074,53.9778453321211,8.557794861892,35.6106816129554,16.7747572226305,37.908,0,0,0.0,0.0,0.0,0
141,ZAF,18.7,1.27335626330668,59308690.0,55008491995.5568,77.06373675,30.4669596274857,25.5305082562632,8.69932535042479,6711132847.09603,301923639269.552,-6.95960445218964,7.4966448945296,85.0,21.1558307534,47.640752128861,11.5273810040377,25.2046392372223,61.448855246945,67.354,1,0,1860.0,0.0,0.0,1
142,ZMB,58.7,2.88568592086236,18383956.0,1203448374.22209,117.7613509,34.6361612120526,34.1548815273141,7.34362541470335,2038924396.73843,19320053859.279,-3.01618890347348,0.446065443448411,43.0,8.2697201018,23.341333620307,7.24699429190568,42.7359350355098,48.3204433295994,44.629,0,0,0.0,0.0,0.0,0
143,ZWE,39.5,1.47387141587655,14862927.0,33405021.0134395,88.87320904,11.6089909952772,18.9432815505145,15.8038970473848,-307810928.053039,16768513442.6415,-7.99999999999999,0.849792905399696,41.0891075134277,2.437782636,37.3240584205764,6.47129720801491,12.612401942038,37.4404650447601,32.242,0,0,0.0,0.0,0.0,0
